filename,label,length,Acoustic_guitar,Bass_drum,Cello,Clarinet,Double_bass,Flute,Hi_hat,Saxophone,Snare_drum,Violin_or_fiddle,y_pred
70ca9c77.wav,Acoustic_guitar,8.22,0.6701722145080566,0.0011815421748906374,0.0781278982758522,0.021587543189525604,0.22372199594974518,0.0037109998520463705,2.860560357476061e-07,0.00011520266707520932,0.001201638369821012,0.0001806834334274754,Acoustic_guitar
32dee61b.wav,Acoustic_guitar,5.34,0.6932556629180908,0.117684505879879,0.0762844830751419,0.0005566555191762745,0.09385257959365845,0.000794324092566967,0.0005044761346653104,0.0025369382929056883,0.0005354854511097074,0.013994873501360416,Acoustic_guitar
34747922.wav,Acoustic_guitar,3.14,0.9530308842658997,4.946479337242238e-10,0.00022510522103402764,1.5877063560765237e-05,6.22669467702508e-05,0.03251204639673233,9.681123174232198e-07,0.0002673855342436582,0.00015413812070619315,0.013731353916227818,Acoustic_guitar
44fb3eeb.wav,Acoustic_guitar,3.14,0.9617407321929932,2.85031054314544e-10,0.029346736147999763,5.265081927063875e-05,6.347328053379897e-06,0.0016541230725124478,9.346098117646306e-09,0.003509113797917962,7.28453585452371e-07,0.003689516568556428,Acoustic_guitar
0eeaebcb.wav,Acoustic_guitar,8.02,0.9523591995239258,1.4955475080569158e-07,0.02495649829506874,0.00040492042899131775,0.006724552717059851,0.015121479518711567,3.796758818452872e-08,0.0003911539097316563,1.0010041478381027e-05,3.198025660822168e-05,Acoustic_guitar
d8a257e5.wav,Acoustic_guitar,8.42,0.9326797127723694,0.008154555223882198,0.03936472535133362,0.00042715875315479934,0.0011773774167522788,0.0012292948085814714,9.470663826505188e-06,0.00247191172093153,0.0015355467330664396,0.012950279749929905,Acoustic_guitar
c7846d27.wav,Acoustic_guitar,3.14,0.9852311611175537,9.4480472057068e-11,3.942243711207993e-05,5.679612968378933e-06,7.584237948776718e-08,0.011133233085274696,1.9716408132808283e-06,5.8222890402248595e-06,2.5219032977474853e-06,0.0035802782513201237,Acoustic_guitar
a25423a8.wav,Acoustic_guitar,21.74,0.8155768513679504,0.006305395159870386,0.015484316274523735,0.0006213830201886594,0.13673816621303558,0.011014312505722046,8.045145477808546e-06,0.007221227511763573,0.005099823698401451,0.0019304261077195406,Acoustic_guitar
2016d256.wav,Acoustic_guitar,2.1,0.8949846029281616,2.1136824929213205e-13,1.9190704581006912e-09,0.10363902896642685,4.3962513700535055e-06,9.386885722051375e-06,2.2587967195460135e-13,0.001357568078674376,4.397311386128422e-06,5.935033300374926e-07,Acoustic_guitar
10da16fb.wav,Acoustic_guitar,3.34,0.9548906683921814,4.2162803026712936e-08,0.0018909373320639133,0.0004054549499414861,2.6644838726497255e-05,0.0003555930743459612,2.2320312265122766e-09,0.0009072987013496459,0.00048247462837025523,0.04104079306125641,Acoustic_guitar
7506dcc4.wav,Acoustic_guitar,3.14,0.9481273293495178,1.1709108775903587e-06,1.8004767525781062e-06,0.04287935048341751,0.0019767340272665024,0.0002342543302802369,3.3714249170202493e-09,0.003153654281049967,0.003543170401826501,8.244078344432637e-05,Acoustic_guitar
38216fad.wav,Acoustic_guitar,7.92,0.8667646050453186,0.029402999207377434,0.04035663604736328,0.0009609753033146262,0.03996675834059715,0.00342547707259655,9.303806291427463e-05,0.011163133196532726,0.003773059928789735,0.004093442112207413,Acoustic_guitar
fa4d4a92.wav,Acoustic_guitar,25.4,0.6673448085784912,0.005565057508647442,0.04488285258412361,0.018239498138427734,0.2626749873161316,7.241193088702857e-05,8.941256623984373e-08,2.989914719364606e-05,0.0011682792101055384,2.2030497348168865e-05,Acoustic_guitar
367ad7b1.wav,Acoustic_guitar,5.22,0.8523010015487671,0.013978694565594196,0.0021003377623856068,0.0037091788835823536,0.0718507319688797,0.005284302402287722,0.00013248081086203456,0.00024162324552889913,0.0007151436293497682,0.04968654736876488,Acoustic_guitar
160c92d7.wav,Acoustic_guitar,3.32,0.9609223008155823,9.875193107689029e-09,0.0008558622212149203,0.00019595111371017992,1.023496406560298e-05,0.0009010798530653119,1.538612848239751e-10,0.0020551227498799562,0.00010525387187954038,0.03495406359434128,Acoustic_guitar
fc55d588.wav,Acoustic_guitar,4.18,0.7977550029754639,8.082053682301193e-06,0.038790591061115265,0.004700162913650274,0.01782754808664322,0.006861389614641666,5.845728523468097e-08,0.004653392359614372,0.12752731144428253,0.001876442926004529,Acoustic_guitar
8da75280.wav,Acoustic_guitar,26.32,0.5458769798278809,7.694290979998186e-05,0.10182014107704163,0.0024099398870021105,0.33485138416290283,0.002231351798400283,1.8382093003310729e-06,0.0011161776492372155,0.011553015559911728,6.234172906260937e-05,Acoustic_guitar
9923ddf8.wav,Acoustic_guitar,1.58,0.9984744191169739,1.3495181205742342e-17,2.9982019644769764e-10,0.0007703637238591909,4.38810143776891e-09,5.763933222624473e-05,7.952497185215179e-07,4.9662489232105145e-08,9.068635336006992e-07,0.0006957981386221945,Acoustic_guitar
236cbab1.wav,Acoustic_guitar,6.96,0.7202326059341431,0.029010433703660965,0.09058818221092224,0.0017830698052421212,0.05732924863696098,0.0014052370097488165,1.2305429663683753e-05,0.016512494534254074,0.08289263397455215,0.0002337776531931013,Acoustic_guitar
673defaf.wav,Acoustic_guitar,4.16,0.9954879283905029,2.453459435614036e-09,0.0008225071360357106,5.502995918504894e-06,1.1885056272475936e-09,3.0526927730534226e-05,3.16930659494119e-08,0.0003631281142588705,0.0012696562334895134,0.002020786516368389,Acoustic_guitar
e92bf0fa.wav,Acoustic_guitar,4.0,0.9684357047080994,1.9529768024995064e-08,0.019925910979509354,0.00010530577856115997,0.002364696701988578,0.00685364194214344,1.79640968767103e-10,0.0004319310828577727,2.4450739601888927e-06,0.0018803303828462958,Acoustic_guitar
bb1f5874.wav,Acoustic_guitar,3.86,0.9394744634628296,1.7735701476340182e-06,0.034496258944272995,0.00022110970166977495,0.0031330448109656572,0.0003199766215402633,2.434211694435362e-07,0.0006761093391105533,0.00029778049793094397,0.02137923240661621,Acoustic_guitar
17f82c05.wav,Acoustic_guitar,10.0,0.4858292043209076,0.03511650115251541,0.2900138795375824,0.0012427348410710692,0.13613273203372955,0.0019813203252851963,0.0005173895042389631,0.001193875796161592,0.02661987394094467,0.021352345123887062,Acoustic_guitar
16c9a838.wav,Acoustic_guitar,3.14,0.9100399613380432,0.00622443575412035,0.0010182043770328164,0.05227161571383476,0.00041688239434733987,0.0051294839940965176,2.7562050419760453e-09,0.0004457601171452552,1.7895243217935786e-05,0.024435700848698616,Acoustic_guitar
a6728901.wav,Acoustic_guitar,2.18,0.9985791444778442,6.145276561925206e-12,4.0000937588047236e-05,1.1882034414156806e-06,1.2502985669016198e-07,0.0012848111800849438,3.3752701710909605e-05,3.070511525038455e-07,1.1243955419515395e-11,6.075690180296078e-05,Acoustic_guitar
0356dec7.wav,Acoustic_guitar,7.12,0.8346393704414368,0.0005779757630079985,0.05198381096124649,0.0037155142053961754,0.0002111669018631801,0.011914273723959923,0.0008280802867375314,0.018262803554534912,0.035593919456005096,0.04227297753095627,Acoustic_guitar
55822aae.wav,Acoustic_guitar,8.02,0.8925114870071411,0.004808214958757162,0.016654934734106064,0.0004915555473417044,0.05818725377321243,0.018122615292668343,1.9257266103522852e-05,0.00020429612777661532,0.008975030854344368,2.521610804251395e-05,Acoustic_guitar
b88322f6.wav,Acoustic_guitar,4.18,0.9543901085853577,0.001345706987194717,0.0041496530175209045,0.0004181410768069327,0.0005464678979478776,0.00060025614220649,8.403617357544135e-07,0.012390450574457645,0.020687256008386612,0.005471216049045324,Acoustic_guitar
b2261238.wav,Acoustic_guitar,8.02,0.8998057246208191,4.4196985982125625e-06,0.027981188148260117,0.001081418595276773,0.0010673620272427797,0.024091657251119614,2.3597540632636083e-07,0.013781219720840454,0.01118872594088316,0.020998049527406693,Acoustic_guitar
35039ae1.wav,Acoustic_guitar,3.14,0.9833846688270569,1.7309906979789957e-05,0.006573179736733437,0.0001400607725372538,0.000544538430403918,0.007317878771573305,0.000377832941012457,0.000270896969595924,5.9629022871376947e-05,0.0013139423681423068,Acoustic_guitar
809ea09e.wav,Bass_drum,2.08,3.157143873977475e-05,0.9944096803665161,0.0015858880942687392,5.543283259612508e-05,0.003855818184092641,2.4955414119176567e-05,1.8278156233009213e-07,2.3034377591102384e-05,1.2732770073853317e-06,1.219962905452121e-05,Bass_drum
7d11b3b4.wav,Bass_drum,2.0,8.931567663239548e-07,0.9998619556427002,3.1067434065334965e-06,3.5328963576830574e-07,0.00013350392691791058,1.81942869659224e-08,1.1196534810409275e-09,1.230549173669715e-07,3.2518271408932264e-10,6.064455604359864e-09,Bass_drum
9a4bfb69.wav,Bass_drum,1.88,0.0017314015422016382,0.8763262629508972,0.04819810017943382,0.0003616508038248867,0.07039099186658859,0.00039200950413942337,5.6039270930341445e-06,0.0002650912501849234,3.6364683182910085e-05,0.002292495919391513,Bass_drum
9adffd44.wav,Bass_drum,5.0,0.0007067039259709418,0.9793044328689575,0.0003051476087421179,2.0576555471052416e-05,0.01959748938679695,5.7422344070801046e-06,5.050172831033706e-07,7.600345270475373e-06,1.3358105377392349e-07,5.18531960551627e-05,Bass_drum
52e54bdd.wav,Bass_drum,2.44,0.00562897277995944,0.6021305322647095,0.22453463077545166,0.017469750717282295,0.11333233118057251,0.019905496388673782,0.0012382109416648746,0.0036028088070452213,0.0037225852720439434,0.008434788323938847,Bass_drum
6a96272b.wav,Bass_drum,2.0,2.4001954557206773e-07,0.998453676700592,5.720443709833489e-07,1.2365362067612296e-07,0.0015453723026439548,2.5983237783577806e-09,2.9739202767053996e-10,6.870772839562278e-09,2.4184489480494342e-11,1.3259284781241831e-09,Bass_drum
01c2f88b.wav,Bass_drum,2.08,0.00010071998258354142,0.9846414923667908,0.004798443056643009,0.0007474275189451873,0.008998620323836803,0.0005297838361002505,1.2809977306460496e-05,6.403134466381744e-05,3.330954859848134e-05,7.340365118579939e-05,Bass_drum
921eee9d.wav,Bass_drum,1.3,0.0767657458782196,0.6781632304191589,0.003156448481604457,0.16136397421360016,0.00021285483671817929,0.0002499934344086796,0.001671681529842317,0.07740931957960129,0.000507274002302438,0.0004994828486815095,Bass_drum
7dda9dc2.wav,Bass_drum,1.78,0.0008935097721405327,0.8209993839263916,0.07584933936595917,0.0007589170127175748,0.005176234524697065,0.007967610843479633,3.0651230190414935e-05,0.0011517750099301338,0.051507800817489624,0.03566482290625572,Bass_drum
c153f347.wav,Bass_drum,1.86,5.058274837210774e-06,0.9979314804077148,2.9565901513706194e-06,4.1913077097888163e-07,0.002059629652649164,9.867478922842565e-08,2.195324366738305e-09,2.633753695135965e-07,6.024095666745666e-10,6.734187252277479e-08,Bass_drum
ce3f3400.wav,Bass_drum,1.62,0.07578898966312408,0.8075988292694092,0.07104026526212692,0.00035919962101615965,0.03882952034473419,0.0006589564145542681,0.00037102476926520467,0.0026717488653957844,0.0010678619146347046,0.0016136629274114966,Bass_drum
f26131d8.wav,Bass_drum,1.64,1.1102871440016315e-06,0.9990002512931824,0.00024987751385197043,4.496461770031601e-05,2.1103508061059983e-06,8.614323633082677e-06,3.5521818375627845e-08,0.000660477380733937,3.244325125706382e-05,8.861741918053667e-08,Bass_drum
bea51ca5.wav,Bass_drum,2.0,1.0139506230189e-05,0.9987238645553589,0.00013340573059394956,0.0002151910011889413,0.0008820638759061694,2.5614683181629516e-05,8.24779959884836e-08,4.1952984020099393e-07,8.716889169591013e-06,4.934660751132469e-07,Bass_drum
88780eac.wav,Bass_drum,3.78,0.000199722548131831,0.9122220873832703,0.000561363238375634,0.0009148204117082059,0.0013864780776202679,0.003092315047979355,8.667192014399916e-05,8.201233140425757e-05,0.08142147213220596,3.303062476334162e-05,Bass_drum
aa9ae956.wav,Bass_drum,2.08,2.712317836994771e-05,0.9961180686950684,0.0009918119758367538,5.471448093885556e-05,0.0027665947563946247,1.9746166799450293e-05,9.459417071866483e-08,1.5487919881707057e-05,7.776890811328485e-07,5.648316346196225e-06,Bass_drum
6d21ad67.wav,Bass_drum,2.9,3.605454821808962e-06,0.9566279649734497,0.04273192957043648,1.4096846825850662e-05,0.00033921372960321605,5.845785381097812e-06,5.1596653065644205e-06,4.1984509380199597e-07,0.00027135873096995056,3.4923735370284703e-07,Bass_drum
8b6a16de.wav,Bass_drum,1.58,5.394077561504673e-06,0.9987497329711914,6.2354497458727565e-06,2.457457242144301e-07,0.0012381277047097683,5.8895491150678936e-08,8.512258120596528e-10,2.2617123818235996e-07,4.70232075500121e-10,9.242071996595769e-08,Bass_drum
ca3f3698.wav,Bass_drum,1.0,4.074708158441354e-06,0.9993475675582886,1.5712297454228974e-06,2.3422209949330863e-07,0.0006462883902713656,3.43794503976369e-08,2.1052999343851297e-09,2.539440515647584e-07,2.6680352371855065e-10,3.4420608585605805e-08,Bass_drum
3a9085ca.wav,Bass_drum,1.34,8.295905718114227e-05,0.9979098439216614,0.00039085157914087176,1.379177592752967e-05,6.710482557537034e-05,1.0065809874504339e-05,3.9705782910459675e-06,0.0008532870560884476,0.00038353478885255754,0.000284580368315801,Bass_drum
63e0ab2c.wav,Bass_drum,2.08,4.7184250433929265e-05,0.9937191605567932,0.003061913885176182,1.089235047402326e-05,0.003075794782489538,1.5836210877751e-05,2.479378338193783e-07,1.6307563782902434e-05,5.564363050325483e-07,5.211060124565847e-05,Bass_drum
bab98261.wav,Bass_drum,2.0,1.6806541225378169e-06,0.9997837543487549,7.2470770646759775e-06,9.4556588692285e-07,0.00020603855955414474,5.379573408959004e-08,2.9001101520265138e-09,2.888015728785831e-07,1.252863146561367e-09,2.3103348567588e-08,Bass_drum
565f3ee2.wav,Bass_drum,1.56,9.256978228222579e-05,0.9911915063858032,0.004237470682710409,6.70662775519304e-05,0.004392457194626331,7.18305727787083e-06,8.394845707471177e-08,8.72390899075981e-07,1.536766980336779e-08,1.0751041372714099e-05,Bass_drum
ce75b5ce.wav,Bass_drum,1.34,1.0591228601697367e-05,0.9997782707214355,4.158016963629052e-05,2.243378276034491e-06,9.164734365185723e-05,3.7676841202483047e-07,1.624128742605535e-07,5.6236720411106944e-05,4.271908437658567e-06,1.461592546547763e-05,Bass_drum
03fc1f96.wav,Bass_drum,1.18,0.04969852417707443,0.6544250249862671,0.031117338687181473,0.0029768592212349176,0.17990615963935852,0.00714025879278779,6.15652315900661e-05,0.07330866158008575,0.0013379500014707446,2.7731512091122568e-05,Bass_drum
ff11628d.wav,Bass_drum,2.08,0.0003274112823419273,0.979316234588623,0.0031449925154447556,0.0008806362748146057,0.015334149822592735,0.0006490586674772203,1.1265138709859457e-05,0.000210575366509147,3.980422479799017e-05,8.582017471781e-05,Bass_drum
0ddb4bdf.wav,Bass_drum,2.08,3.590356936911121e-05,0.9845220446586609,0.0018421460408717394,0.0007578599615953863,0.01240983884781599,0.0002748639089986682,3.2445464057673234e-06,9.47518929024227e-05,5.56411168872728e-06,5.3739720897283405e-05,Bass_drum
c11bacda.wav,Bass_drum,1.02,0.001242932747118175,0.9512850642204285,0.03575745224952698,0.002817220985889435,0.0034945334773510695,0.002407106338068843,0.00013869398389942944,0.002195168985053897,9.664922981755808e-05,0.0005651674000546336,Bass_drum
4ba2b70e.wav,Bass_drum,1.34,1.44183059092029e-05,0.9994168281555176,1.2628618605958764e-05,2.4591676606178225e-07,3.5923783343605464e-06,8.830052138364408e-07,1.005049412583503e-07,0.000517181702889502,1.504313786426792e-05,1.9079643607256003e-05,Bass_drum
cdfc8967.wav,Bass_drum,1.0,0.003711298108100891,0.7673407793045044,0.10971744358539581,0.009563068859279156,0.07553330808877945,0.006372088100761175,0.0005364672979339957,0.003332480788230896,0.0043222131207585335,0.01957082375884056,Bass_drum
f8a99b37.wav,Bass_drum,2.08,3.0381101169041358e-05,0.9947134852409363,0.0015990359243005514,3.918723814422265e-05,0.0035694348625838757,2.537940235924907e-05,1.259258937125196e-07,1.3605516869574785e-05,4.179049426511483e-07,8.973109288490377e-06,Bass_drum
22bea889.wav,Cello,2.34,0.0054335640743374825,0.00024204071087297052,0.890643835067749,0.0021452689543366432,0.09756164252758026,4.015168087789789e-05,1.1861436632898403e-06,7.532391464337707e-05,0.003693002974614501,0.0001640325936023146,Cello
743ae0f9.wav,Cello,3.06,0.016688693314790726,0.03248485550284386,0.751886248588562,0.001290770131163299,0.17276395857334137,0.0056190346367657185,0.0008171280496753752,0.0017835126491263509,0.0014044756535440683,0.015261457301676273,Cello
e97d9707.wav,Cello,2.38,0.0038720217999070883,0.0011667184298858047,0.8714271783828735,0.0013928517000749707,0.03261798992753029,0.007290210574865341,0.000752501015085727,0.007996676489710808,0.07284986227750778,0.0006340047111734748,Cello
0091fc7f.wav,Cello,5.7,0.020446738228201866,0.012386727146804333,0.8527476191520691,0.03695022314786911,0.029145363718271255,0.0055740331299602985,0.00013626298459712416,0.0022682908456772566,0.00889973621815443,0.031444963067770004,Cello
4bff8f32.wav,Cello,5.8,0.005534523166716099,0.002112363465130329,0.9314255714416504,0.001651402679271996,0.05839958041906357,2.4113636754918844e-05,4.911887572234264e-06,1.2094199519196991e-05,0.0008253288688138127,1.0031940291810315e-05,Cello
81d9f077.wav,Cello,7.06,0.0037138324696570635,0.003196201752871275,0.923474907875061,0.02052491158246994,0.047812607139348984,0.00037568563129752874,3.20742474286817e-05,0.0003660057845991105,0.0004179525130894035,8.575867832405493e-05,Cello
e55c5160.wav,Cello,5.06,0.018091168254613876,0.003464084817096591,0.9080665111541748,0.024209070950746536,0.004205609671771526,0.004609083291143179,6.459082214860246e-05,0.009476948529481888,0.006657817400991917,0.021155178546905518,Cello
125e6ccf.wav,Cello,4.7,0.00018558345618657768,4.027286195196211e-05,0.9797924757003784,0.00010806288628373295,8.194604015443474e-05,0.00013538215716835111,8.963523328020528e-07,4.911531141260639e-05,0.017362015321850777,0.0022440531756728888,Cello
195f544d.wav,Cello,7.38,0.021316831931471825,0.0008459900273010135,0.7302111983299255,0.00551969837397337,0.00171627476811409,0.05610975995659828,0.0011422651587054133,0.05482906848192215,0.004664058331400156,0.12364482879638672,Cello
f9653de8.wav,Cello,3.32,0.007734955288469791,0.029171209782361984,0.7656566500663757,0.0006545661017298698,0.17775775492191315,0.0021714770700782537,0.00019693499780260026,0.001549544744193554,0.0005510180490091443,0.014555876143276691,Cello
34e4d187.wav,Cello,3.64,0.013623615726828575,0.0090176397934556,0.8619417548179626,0.0013132556341588497,0.08278152346611023,0.01029890775680542,0.0010733818635344505,0.005756296683102846,0.013258649036288261,0.0009349380852654576,Cello
e2d993ec.wav,Cello,4.56,0.036169249564409256,0.008421025238931179,0.793454647064209,0.06251469254493713,0.010469519533216953,0.002662826096639037,0.0005075595690868795,0.0035744295455515385,0.021512363106012344,0.06071367487311363,Cello
cbc8d551.wav,Cello,2.54,0.026464929804205894,0.03610723838210106,0.8794018626213074,0.0016100159846246243,0.006619975436478853,0.004739821422845125,0.00037345648161135614,0.0032000874634832144,0.011804192326962948,0.02967863157391548,Cello
2da9e12a.wav,Cello,6.02,0.008616495877504349,0.02009146474301815,0.9013746380805969,0.0013985107652842999,0.04409348592162132,0.000593995675444603,4.0225237171398476e-05,0.015012324787676334,0.008164155296981335,0.0006146691157482564,Cello
5e5bca7a.wav,Cello,6.6,0.0034867741633206606,0.011290853843092918,0.920766294002533,0.0017064980929717422,0.020083148032426834,0.00476211728528142,0.000497259374242276,0.00500920694321394,0.0026370736304670572,0.029760776087641716,Cello
e70c41d4.wav,Cello,8.5,0.0008256198489107192,3.089488487262315e-08,0.9440049529075623,0.0004631386836990714,8.591600635554641e-05,0.020893242210149765,7.737255032225221e-07,0.025139689445495605,2.4839107936713845e-05,0.008562000468373299,Cello
5689818f.wav,Cello,5.78,0.03262947499752045,0.009339051321148872,0.9150430560112,0.0007008503307588398,0.0035635281819850206,0.008945934474468231,0.0033867796882987022,0.002134807640686631,0.0022942866198718548,0.021962210536003113,Cello
88500b88.wav,Cello,4.86,0.002050942974165082,0.001975242281332612,0.9360435009002686,0.010101058520376682,0.004338365513831377,0.01899527758359909,0.00010953204036923125,0.012814223766326904,0.00421857601031661,0.009353329427540302,Cello
811bf309.wav,Cello,3.9,0.015979453921318054,0.004750397056341171,0.8893963694572449,0.0008879752131178975,0.01130840927362442,0.003266876330599189,0.0007265261374413967,0.00466446066275239,0.011350851505994797,0.05766873061656952,Cello
00353774.wav,Cello,4.52,0.056251149624586105,1.8243192243971862e-05,0.8939407467842102,0.0007403208292089403,0.0073213642463088036,0.015677930787205696,0.00079157151049003,0.009370329789817333,0.01314316876232624,0.0027452108915895224,Cello
dc5be9d7.wav,Cello,9.42,0.014640356414020061,0.0026159468106925488,0.9616876244544983,0.0033554434776306152,0.014912918210029602,0.0006222791271284223,2.7690692149917595e-05,0.00024678721092641354,0.0015264814719557762,0.00036457108217291534,Cello
6a210ffa.wav,Cello,6.52,0.004870901349931955,0.00044818464084528387,0.9109523296356201,0.0023289076052606106,0.07450514286756516,0.0006553110433742404,5.800096187158488e-05,0.00032362682395614684,0.005503556691110134,0.0003540315374266356,Cello
7d896090.wav,Cello,5.18,0.04013248160481453,0.03580079972743988,0.7741029262542725,0.02561565674841404,0.00975092500448227,0.027876369655132294,8.246061770478263e-05,0.020657183602452278,0.0639776885509491,0.0020034906920045614,Cello
9e3bc1b6.wav,Cello,5.18,0.002506533870473504,3.8873538869665936e-05,0.905177652835846,0.04053696617484093,0.004600005690008402,0.0020361049100756645,6.028276857250603e-06,0.01031410600990057,0.03472749888896942,5.623363904305734e-05,Cello
d328db67.wav,Cello,4.28,0.0009957164293155074,1.5708028513472527e-06,0.9869173169136047,0.0011503550922498107,0.000183048628969118,0.0021609768737107515,5.387965575209819e-05,0.0039028930477797985,0.00037103245267644525,0.004263065289705992,Cello
31dbc5c0.wav,Cello,5.36,0.01700437255203724,0.019126486033201218,0.8525807857513428,0.00187345698941499,0.017686348408460617,0.030010603368282318,7.403083145618439e-05,0.01207711175084114,0.0021489898208528757,0.04741793870925903,Cello
a59b5a08.wav,Cello,3.98,0.0027131112292408943,0.011865751817822456,0.9293592572212219,0.002867224160581827,0.011426138691604137,0.0013874884461984038,0.0002615140110719949,0.0005672356928698719,0.004942299798130989,0.034609876573085785,Cello
238b16a5.wav,Cello,2.88,0.014395327307283878,0.011338697746396065,0.7650917768478394,0.0005067024030722678,0.20370428264141083,9.072593093151227e-05,2.745901497291925e-07,1.356429584120633e-05,0.004711891058832407,0.00014677946455776691,Cello
3e2bddda.wav,Cello,2.28,0.0010937061160802841,5.490357580129057e-05,0.9059120416641235,0.001311798463575542,1.09117229385447e-06,0.007723903749138117,0.00033066244213841856,0.04691733419895172,0.012224342674016953,0.024430161342024803,Cello
ab8e8ae3.wav,Cello,7.22,0.007097797933965921,0.0002517195825930685,0.9762686491012573,0.0015834651421755552,0.0009507050272077322,0.0033453269861638546,0.0002104454324580729,0.002387172542512417,0.0076893772929906845,0.0002155905240215361,Cello
8916ffcd.wav,Clarinet,4.6,1.0598194421618246e-05,1.0964449834172108e-11,7.275113844684711e-10,0.999925971031189,5.0471214763092576e-08,9.553863492328674e-06,2.314081651993982e-12,8.158503987942822e-06,3.293413111671306e-11,4.569942393573001e-05,Clarinet
2e1cd085.wav,Clarinet,5.76,5.4585878928037346e-08,4.0522180879895564e-13,2.181897684749856e-07,0.9569815993309021,5.555671200863088e-11,0.037713464349508286,2.0532406885820365e-09,9.617921023163944e-06,0.005025673657655716,0.00026946052093990147,Clarinet
ad42e493.wav,Clarinet,5.86,0.0004399875469971448,7.731250661890954e-08,0.00037785829044878483,0.9946981072425842,2.4747550924075767e-06,0.0022019045427441597,9.386526471644174e-06,0.0001921925286296755,7.684899173909798e-06,0.002070334507152438,Clarinet
3f7e6da8.wav,Clarinet,5.84,7.866243686294183e-05,1.2797087833860132e-07,0.0003312013577669859,0.9801583290100098,2.9435248052323004e-06,4.092403833055869e-05,1.2363469977572095e-05,5.024409119869233e-07,0.019373765215277672,1.1481305364213767e-06,Clarinet
e51e1770.wav,Clarinet,5.4,4.132023150305031e-06,2.738352433695468e-09,0.0004203896678518504,0.9509848952293396,1.7656013824307593e-06,0.0068865627981722355,0.019907314330339432,0.00959395244717598,0.01042467076331377,0.0017763691721484065,Clarinet
8ee44fb5.wav,Clarinet,3.94,0.004486032761633396,6.637826681539505e-13,2.1969901808915893e-06,0.9813672304153442,1.2494717793742893e-07,0.005347018130123615,4.833629319023203e-08,1.4451082279265393e-05,0.0007487654220312834,0.008034104481339455,Clarinet
2fc00271.wav,Clarinet,4.2,3.0370507374755107e-05,2.4312472035603605e-09,0.00012603872164618224,0.997068464756012,0.00038352879346348345,0.0006544342613779008,3.2425497920485213e-05,1.0179713854086003e-06,5.86332862440031e-06,0.0016978870844468474,Clarinet
7eb959ec.wav,Clarinet,8.52,0.01985740102827549,2.9498329467969597e-07,0.0012196816969662905,0.9361903667449951,0.00028955700690858066,0.012250371277332306,0.012499797157943249,0.016240403056144714,0.001354604260995984,9.765055438037962e-05,Clarinet
dc981a38.wav,Clarinet,6.82,0.0033273494336754084,8.875109779182822e-05,0.00850396603345871,0.8127802610397339,0.0030270430725067854,0.13626313209533691,4.3172472942387685e-05,0.004960405640304089,0.0006024272297509015,0.030403390526771545,Clarinet
800b401e.wav,Clarinet,7.58,0.0064243352971971035,0.00026905458071269095,0.014910184778273106,0.9644824862480164,0.0126499580219388,0.00035141361877322197,1.6483005538248108e-06,0.0006840367568656802,0.0002081720158457756,1.8708424249780364e-05,Clarinet
b0c06255.wav,Clarinet,4.08,2.7728698114515282e-05,1.0510899706162036e-08,0.001987919444218278,0.9507122039794922,7.076118436089018e-06,0.039231788367033005,9.77477867536436e-08,0.006531966850161552,4.485020326683298e-05,0.001456524943932891,Clarinet
5de123c3.wav,Clarinet,3.34,0.0004017126630060375,2.77956762729343e-15,1.0442097675422701e-07,0.9942822456359863,1.9937172746065102e-10,0.005032462999224663,1.7277679287275305e-11,1.8767981600831263e-05,1.6929978530200174e-09,0.00026465559494681656,Clarinet
740e5bb7.wav,Clarinet,11.1,0.003346429206430912,0.00479100039228797,0.0327700637280941,0.8288173079490662,0.0385906845331192,0.04783207178115845,0.0014922808622941375,0.02009550854563713,0.018058685585856438,0.004205905832350254,Clarinet
19105b8a.wav,Clarinet,4.82,0.008455954492092133,1.1598752962527215e-06,0.014106289483606815,0.9298549294471741,0.014162798412144184,0.008150356821715832,4.219669790472835e-05,0.0002090179914375767,0.02138795144855976,0.0036291645374149084,Clarinet
ad7ec8cb.wav,Clarinet,9.7,6.429770995144968e-13,1.3158600968592466e-20,8.919219529612832e-12,0.9999655485153198,1.022663616116748e-12,6.392745490302332e-06,1.2738696382463832e-11,3.022989150669453e-11,7.762757103790818e-10,2.8181893867440522e-05,Clarinet
71c6451f.wav,Clarinet,3.56,4.497278951021144e-06,2.275952863672881e-12,2.5614201604184927e-06,0.9271078705787659,1.7518653976367204e-06,0.07234008610248566,2.256207807249666e-07,0.0003402337897568941,8.680468113198003e-07,0.00020198681158944964,Clarinet
9a722e53.wav,Clarinet,10.5,3.7700217944802716e-05,1.4481740251426345e-09,2.336850593565032e-05,0.9995737671852112,1.8435322999721393e-05,0.00019981963851023465,5.478438340998648e-13,0.0001376673171762377,1.480316882407351e-06,8.076551239355467e-06,Clarinet
1f81cc2b.wav,Clarinet,20.2,3.082659168285318e-05,1.7004340691073594e-07,0.00029803416691720486,0.970140278339386,0.0009464632603339851,0.02034779079258442,4.315381829655962e-06,0.006502292584627867,0.0014816500479355454,0.0002485445875208825,Clarinet
ce65d6b5.wav,Clarinet,3.04,0.007074928376823664,2.8892355175003104e-09,1.7918541743711103e-06,0.9579203128814697,1.442439497623127e-05,0.0005942471325397491,9.492259200882813e-10,0.004320434294641018,5.98039287069696e-06,0.030067959800362587,Clarinet
45de3233.wav,Clarinet,6.0,0.0033229959663003683,0.023186642676591873,0.02830568328499794,0.9162655472755432,0.0026267392095178366,0.007582752034068108,0.0010950930882245302,0.0024436824023723602,0.002864432753995061,0.01230662316083908,Clarinet
a64a3740.wav,Clarinet,6.7,1.2794833310181275e-05,3.631670966709554e-16,1.0944502548682067e-07,0.9808163642883301,1.4040339724186168e-10,0.018821412697434425,1.848795960768257e-07,5.372675637715929e-09,1.928464371303562e-05,0.00032989407191053033,Clarinet
a053797b.wav,Clarinet,5.46,0.003640643088147044,3.2255576681849973e-11,2.2423445322772295e-09,0.9950746893882751,4.5633009904122446e-06,4.125911800656468e-05,1.6150736997788684e-11,0.0012079766020178795,1.8937706727228942e-06,2.8950977139174938e-05,Clarinet
3c713bcf.wav,Clarinet,6.14,3.657080014818348e-06,9.292439790442586e-05,0.0005989696364849806,0.9987010359764099,3.08021844830364e-05,0.0002861605316866189,9.992199011321645e-06,0.00024383660638704896,2.9730339520028792e-05,2.8786034818040207e-06,Clarinet
f2310f0d.wav,Clarinet,12.5,0.002716903807595372,0.0006389525369741023,0.015481065958738327,0.8984257578849792,0.00010281085269525647,0.01948925480246544,0.004877736326307058,0.016229428350925446,0.000887555128429085,0.04115062206983566,Clarinet
3c66098d.wav,Clarinet,5.38,0.0004334476252552122,3.855789928852631e-17,3.903099241142627e-06,0.9268735647201538,1.0095662084097512e-09,0.07265443354845047,2.4551676247597243e-09,1.6665538282722991e-07,1.636398828941399e-11,3.431133882259019e-05,Clarinet
ddf23920.wav,Clarinet,5.54,8.780845384137592e-09,1.5881070307208842e-19,1.9951436058818217e-07,0.9957177042961121,2.647783728382258e-11,0.004204119089990854,1.0393639941763677e-11,3.412666060853553e-08,2.414442428676439e-15,7.797833677614108e-05,Clarinet
5506629f.wav,Clarinet,2.48,0.0006615826860070229,0.003709956305101514,0.007662227377295494,0.9378421902656555,0.00024803978158161044,0.03341960534453392,0.0004822741902898997,0.0022937713656574488,0.013583540916442871,9.681974188424647e-05,Clarinet
3cbe9902.wav,Clarinet,7.0,0.010747378692030907,0.007541654631495476,0.015784572809934616,0.896062970161438,0.0021861002314835787,0.030148424208164215,0.0016833863919600844,0.003570136846974492,0.002028280170634389,0.030247041955590248,Clarinet
e43f7db2.wav,Clarinet,7.88,6.448961897831396e-08,3.071791779274413e-11,0.0001545606937725097,0.9986404776573181,1.7980593481682107e-14,0.0010231584310531616,3.030160497519141e-11,8.955439261626452e-05,1.0795822014131318e-08,9.205168316839263e-05,Clarinet
44c5094c.wav,Clarinet,3.94,2.0556324216158828e-06,1.0955332778103677e-12,3.390495112398639e-05,0.9931649565696716,9.901545361401531e-09,0.005770253483206034,4.1781373499860663e-11,0.0001506695116404444,5.035299111000313e-08,0.000878047663718462,Clarinet
4fd883bb.wav,Double_bass,1.26,0.04463272541761398,0.025102056562900543,0.029659388586878777,0.004816132597625256,0.8951006531715393,8.93883770913817e-06,2.16412718856418e-08,4.5879215804234263e-07,0.0006757959490641952,3.765868768823566e-06,Double_bass
19893aa8.wav,Double_bass,2.8,0.001246768282726407,0.03726188465952873,0.020908836275339127,0.006776900961995125,0.9002777338027954,0.013561761006712914,0.0005029200692661107,0.0010381202446296811,0.0036208059173077345,0.014804396778345108,Double_bass
ca348cbb.wav,Double_bass,2.88,0.005813369993120432,3.871441549563315e-06,0.02493661642074585,1.025903884510626e-06,0.9692011475563049,2.2563540369446855e-07,6.744204261895093e-13,2.7264727364695318e-08,4.3555461161304265e-05,2.1511326053769153e-07,Double_bass
95e1d0ae.wav,Double_bass,5.5,0.0033741535153239965,0.012200006283819675,0.09578261524438858,0.0033315590117126703,0.8820641040802002,0.00030900430283509195,6.595953163923696e-05,0.0002286609378643334,0.0026247079949826,1.9313169104862027e-05,Double_bass
6efbaf90.wav,Double_bass,1.42,0.0005160229629836977,0.0035831306595355272,0.09887303411960602,0.0006345167057588696,0.8913396596908569,0.000833613914437592,1.270620668947231e-05,0.00021638891485054046,4.0587556213722564e-06,0.003986732102930546,Double_bass
642ad7e4.wav,Double_bass,1.4,0.030262377113103867,0.0017292501870542765,0.05972820147871971,7.221433406812139e-06,0.9075461030006409,2.073276391456602e-06,5.4337384369773645e-08,4.1943872020056006e-06,0.00010569723963271827,0.0006148655083961785,Double_bass
595c191d.wav,Double_bass,2.98,0.00372892152518034,0.022523537278175354,0.0009462853777222335,9.773863712325692e-05,0.9711554050445557,2.609557213872904e-06,7.74618183640996e-06,0.0015129102393984795,7.439469300152268e-06,1.7322177882306278e-05,Double_bass
deb87700.wav,Double_bass,2.3,0.0029475009068846703,0.01674068719148636,0.025356484577059746,0.0030750795267522335,0.9441917538642883,0.003914034925401211,0.0002437098737573251,0.00019061664352193475,0.0029755779542028904,0.0003644397365860641,Double_bass
5eadbc6d.wav,Double_bass,2.32,0.005554684903472662,0.0014218788128346205,0.03602459654211998,0.002564065856859088,0.9184616804122925,0.0026627283077687025,0.0017477866495028138,0.008824249729514122,0.0002135812392225489,0.022524913772940636,Double_bass
8073923c.wav,Double_bass,2.2,0.23292896151542664,0.00048265265650115907,0.03182437643408775,0.00016376170970033854,0.7301025986671448,4.14508867834229e-05,4.388529983856415e-09,1.6057059838203713e-05,0.00441519170999527,2.500318623788189e-05,Double_bass
2ac8b94f.wav,Double_bass,4.82,0.011773391626775265,1.6709769624867477e-05,0.043830350041389465,0.00020008879073429853,0.9321615099906921,0.0006792333442717791,0.0004671371716540307,8.896350664144848e-06,2.2849702872917987e-05,0.01083979383111,Double_bass
462b676f.wav,Double_bass,4.64,0.02285875380039215,0.021207423880696297,0.02298426628112793,0.00013958837371319532,0.9078659415245056,0.00031718454556539655,3.733969606400933e-06,0.002016147831454873,0.0005751812132075429,0.022031765431165695,Double_bass
e6597186.wav,Double_bass,6.26,0.2361813634634018,2.386556388955796e-06,0.03898840397596359,3.800122067332268e-05,0.7236124873161316,2.5866468149615685e-06,3.91323987103398e-11,1.167795380752068e-05,0.000899488280992955,0.0002635246783029288,Double_bass
e0ecd1a6.wav,Double_bass,2.88,0.13405175507068634,2.236295404145494e-05,0.12083937227725983,7.301518780877814e-05,0.7415554523468018,0.000274234073003754,4.07103728505831e-09,2.7994634365313686e-05,0.0005406036507338285,0.0026152057107537985,Double_bass
0286fc27.wav,Double_bass,2.34,0.005166938062757254,0.02793198637664318,0.03476276248693466,0.0011543665314093232,0.9156250357627869,0.0019711151253432035,0.0003563167992979288,0.0021815006621181965,0.0014059639070183039,0.009444090537726879,Double_bass
da8ea649.wav,Double_bass,3.06,0.0003492258256301284,0.023941870778799057,0.0019837350118905306,3.091540747846011e-06,0.9737182855606079,2.8027051257595303e-07,1.117401104977489e-08,2.268395604687612e-07,1.8642535906110425e-06,1.4209779237717157e-06,Double_bass
1a7d3f2d.wav,Double_bass,4.82,0.0494035929441452,0.006525948643684387,0.11052457988262177,0.00011596086551435292,0.8312021493911743,1.0312385711586103e-05,3.4576906671190955e-08,1.433486545465712e-06,0.0021379562094807625,7.800199091434479e-05,Double_bass
103f29e5.wav,Double_bass,3.12,0.000999507145024836,0.006498976610600948,0.00010031012061517686,6.863892849651165e-06,0.9897577166557312,6.0719208704540506e-05,2.729034243031947e-08,0.0013077037874609232,1.635237936170597e-06,0.0012666446855291724,Double_bass
c840804f.wav,Double_bass,2.86,0.006513328291475773,0.0035086984280496836,0.03657262772321701,1.2662738981816801e-06,0.9531694650650024,7.368500519078225e-06,5.506733913307471e-08,8.535921551811043e-07,3.9334249777311925e-06,0.0002224700292572379,Double_bass
a0cbe92e.wav,Double_bass,2.14,0.0165758915245533,0.13410532474517822,0.010124370455741882,0.010277129709720612,0.7916644811630249,0.023530595004558563,0.002766032237559557,0.0006165399099700153,0.008269582875072956,0.0020700949244201183,Double_bass
f63f3703.wav,Double_bass,3.68,0.001378490123897791,0.012364503927528858,0.0020728681702166796,8.479979442199692e-06,0.9673597812652588,5.9597616200335324e-05,2.3832477381802164e-05,9.97566257865401e-06,2.9480792363756336e-05,0.016693048179149628,Double_bass
9dd0141c.wav,Double_bass,3.58,0.0007752535166218877,0.0003179183113388717,0.018924372270703316,9.077830327441916e-06,0.9794544577598572,0.00018452749645803124,5.155379234622615e-09,1.0159609701076988e-05,0.0001824537175707519,0.00014191905211191624,Double_bass
b428466c.wav,Double_bass,1.26,0.01696563884615898,0.06584025174379349,0.0027537939604371786,6.459065389208263e-06,0.9144137501716614,5.329119176167296e-06,2.473877430020366e-06,2.1877713152207434e-06,6.877676696603885e-06,3.1575521006743656e-06,Double_bass
fcfafbc8.wav,Double_bass,3.56,0.00029720598831772804,0.011187365278601646,0.0027421428821980953,2.109260094584897e-06,0.9852997660636902,6.055262247173232e-08,2.036771862279352e-09,1.9306085619064106e-08,0.00047122378600761294,1.2836713381148002e-07,Double_bass
13da16ae.wav,Double_bass,4.36,0.0007372061954811215,0.024331841617822647,0.00010175004717893898,0.0012327561853453517,0.973564863204956,4.605512344824092e-07,7.989066830305092e-08,1.665530476202548e-06,9.591528851160547e-07,2.8598355129361153e-05,Double_bass
444f9db5.wav,Double_bass,2.32,0.002224093535915017,0.0005260363104753196,0.02713201940059662,0.0005358386551961303,0.8629341125488281,0.026100147515535355,1.0351768651162274e-05,0.0796535462141037,0.00014461547834798694,0.0007393337436951697,Double_bass
8ce2e863.wav,Double_bass,1.78,1.1051517958549084e-06,0.00905370619148016,2.0495303942880128e-06,2.2435260689235292e-06,0.9909407496452332,8.302372123125679e-08,1.5662998675836093e-10,8.38852720619343e-09,2.0487718188633153e-09,1.186776277251056e-08,Double_bass
c0ddf010.wav,Double_bass,2.5,0.021197205409407616,0.009781048633158207,0.01618773490190506,0.00018769910093396902,0.9463351368904114,3.448151983320713e-05,0.0003901974705513567,2.167450475099031e-05,3.7918038287898526e-05,0.005826888140290976,Double_bass
4fb480bf.wav,Double_bass,8.74,0.007721714675426483,0.24421849846839905,0.06796613335609436,0.010205341503024101,0.646756649017334,0.01660173200070858,0.0009481576853431761,0.0005825511761941016,0.002331170253455639,0.002667950699105859,Double_bass
f042282c.wav,Double_bass,2.4,0.006510402075946331,0.07636383175849915,0.05718126520514488,0.002609661314636469,0.8512651324272156,0.0016627415316179395,5.7559398555895314e-05,0.0001341071183560416,0.001417382387444377,0.002797902561724186,Double_bass
55d52a69.wav,Flute,6.5,7.951025327201933e-05,0.005290200933814049,0.010117919184267521,0.0033972947858273983,0.0015974403358995914,0.9672508239746094,0.0010947544360533357,0.0014831213047727942,0.0001259366108570248,0.009562976658344269,Flute
1b93aeba.wav,Flute,3.5,0.002137890551239252,7.497154896896063e-09,0.013676469214260578,0.003811249742284417,1.1814959179901052e-05,0.9796093106269836,8.388488822674844e-06,0.00024050702631939203,1.3805935168420547e-06,0.0005029132007621229,Flute
9f522cda.wav,Flute,5.32,0.0006725339917466044,2.081768595398395e-13,7.866557280067354e-05,0.028309471905231476,6.6136340848288455e-09,0.9687543511390686,3.712287070811726e-05,0.0014830186264589429,1.4313430440893171e-08,0.0006648116395808756,Flute
07db7f16.wav,Flute,6.72,0.0003696861385833472,0.0016470769187435508,0.00696859834715724,0.038283247500658035,0.001578315393999219,0.9279284477233887,0.0010885269148275256,0.0007176212384365499,0.013809096068143845,0.007609402760863304,Flute
ca8653d2.wav,Flute,8.64,0.00033903130679391325,1.4916487316440907e-06,0.011227314360439777,0.005940672941505909,0.00042077209218405187,0.965653121471405,3.4324890293646604e-05,0.002387529006227851,1.91088311112253e-05,0.01397684309631586,Flute
b0d9849d.wav,Flute,9.62,0.001085961703211069,0.0034112248104065657,0.01006129290908575,0.02778562158346176,0.00024421123089268804,0.9468058347702026,0.0003167936229147017,0.003036635695025325,0.003018751973286271,0.004233363550156355,Flute
85d6a7d2.wav,Flute,8.34,0.002399487653747201,1.4297891084424919e-06,0.011959475465118885,0.024466169998049736,1.6854815839906223e-05,0.9173532128334045,2.3505492208641954e-05,0.03474379703402519,1.6883230273379013e-05,0.009019341319799423,Flute
8986cced.wav,Flute,7.06,0.00020515844516921788,1.3042526916251518e-06,0.0011302423663437366,0.0005045469151809812,1.4346858733915724e-05,0.9966427683830261,0.00010479539923835546,0.00028710445621982217,0.0004070610157214105,0.0007026987732388079,Flute
c683f28f.wav,Flute,10.74,0.013985120691359043,2.6121935725598178e-09,0.00015661145152989775,0.008086545392870903,9.323875360678358e-08,0.9769338965415955,9.040259651982296e-10,0.00015124291530810297,1.6749605036281423e-09,0.0006868223426863551,Flute
18865530.wav,Flute,5.08,0.0007056453032419086,1.0841508135683853e-08,0.0003966052317991853,0.0005253191338852048,5.065496679890202e-07,0.9543395638465881,6.243246025405824e-05,0.0013281279243528843,0.026290910318493843,0.016350891441106796,Flute
5d040c3b.wav,Flute,8.38,0.001548096421174705,7.580949272778525e-07,0.002594678895547986,0.0001684425660641864,0.0023912107571959496,0.9757493138313293,2.2215549506654497e-06,0.01394282840192318,0.003083868185058236,0.0005186903290450573,Flute
fe76c972.wav,Flute,9.12,0.0033363178372383118,1.452972469451197e-06,0.04014512524008751,0.010377518832683563,9.695602784631774e-05,0.9342664480209351,4.0363815969612915e-06,0.01063092052936554,2.558122389473283e-07,0.0011408227728679776,Flute
6a037ddf.wav,Flute,6.0,0.0012238691560924053,0.011377680115401745,0.01754312589764595,0.007737206295132637,0.001053519663400948,0.9523058533668518,0.001627833116799593,0.003015204332768917,0.0011438067303970456,0.002971949754282832,Flute
d14f5df1.wav,Flute,14.14,0.007923542521893978,1.5118464034458157e-05,0.022988593205809593,0.011280511505901814,0.0030675469897687435,0.9312397241592407,5.714721555705182e-05,0.016036810353398323,7.997592547326349e-06,0.007383002899587154,Flute
3eaddda8.wav,Flute,7.96,0.02287120185792446,4.539877863862785e-06,0.045808788388967514,0.01531638391315937,0.010930061340332031,0.8541173934936523,0.0005764779052697122,0.02779773250222206,0.00023144195438362658,0.022345934063196182,Flute
af227d6f.wav,Flute,8.5,0.002341893734410405,4.8991278163157403e-05,0.04769350588321686,0.059986796230077744,0.0002274120633956045,0.8482486605644226,1.3058986496616853e-06,0.029039625078439713,4.0382719816989265e-06,0.012407771311700344,Flute
6b27a847.wav,Flute,10.5,4.471290230867453e-05,8.691288660989116e-11,0.0006963762571103871,0.0009996207663789392,4.223849270346136e-09,0.9981551170349121,8.987983164843172e-06,4.6860979637131095e-05,2.24714700181039e-08,4.865476148552261e-05,Flute
61c914b1.wav,Flute,7.66,2.2201543288247194e-06,1.3506426879694722e-11,3.606768950703554e-05,0.10017810016870499,1.7688480014044217e-08,0.8997117877006531,8.571323917294649e-08,2.2121184883872047e-05,6.9467569474568336e-09,4.953342067892663e-05,Flute
dc6676ff.wav,Flute,4.0,0.00010390554962214082,7.2834991371451e-09,0.0002338700433028862,0.002838702639564872,5.721141960179921e-08,0.992492139339447,0.0002703052887227386,0.0009723787079565227,0.00021588050003629178,0.0028728938195854425,Flute
35e97db3.wav,Flute,2.38,6.859603551845339e-09,8.765544699777245e-22,6.035511673774252e-11,3.904443019564496e-06,3.52263177020863e-18,0.9999912977218628,6.714902613981499e-13,2.7570368210660945e-10,1.6759976517732866e-08,4.701224042946706e-06,Flute
562d93f5.wav,Flute,8.04,0.009361534379422665,4.010073826066218e-05,0.022070569917559624,0.05515265837311745,2.049225804512389e-05,0.9055858254432678,0.00022886527585797012,0.003650334198027849,0.003237921977415681,0.0006516907014884055,Flute
fa32109e.wav,Flute,10.38,9.852184302872047e-05,8.509636245435104e-05,0.018050052225589752,0.06436473876237869,1.8326081772102043e-05,0.9040001630783081,0.00021316594211384654,0.010611719451844692,5.3526131523540244e-05,0.0025048055686056614,Flute
3707da71.wav,Flute,8.86,0.03505543991923332,1.2322918792051496e-06,0.03080366738140583,0.05688995495438576,0.00016589832375757396,0.8196352124214172,0.020530952140688896,0.01754324696958065,0.013885652646422386,0.005488651338964701,Flute
5d73ee6f.wav,Flute,8.6,0.012480733916163445,0.0113093052059412,0.02018861100077629,0.04020531103014946,0.00035991647746413946,0.8489087224006653,0.0065167867578566074,0.0327080599963665,0.016696825623512268,0.010625701397657394,Flute
9f6eac9c.wav,Flute,10.04,0.0002607955248095095,2.9727241113164382e-08,0.0050748372450470924,0.027738012373447418,3.6166969152873207e-07,0.9593212604522705,0.0006370712071657181,0.004373917821794748,3.575567461666651e-05,0.0025579689536243677,Flute
b4b2b68d.wav,Flute,9.62,0.012317164801061153,0.014952164143323898,0.08710381388664246,0.03656705468893051,0.0258257407695055,0.8116094470024109,5.557298209168948e-05,0.0040491786785423756,0.00618082145228982,0.0013390537351369858,Flute
f5e20dce.wav,Flute,8.8,0.060172438621520996,0.00043962334166280925,0.15922756493091583,0.0250982828438282,0.007655745837837458,0.6722568869590759,0.00011763267684727907,0.04757994785904884,0.018961861729621887,0.008489918895065784,Flute
84f5b84b.wav,Flute,10.24,0.00024615146685391665,1.122764317074143e-07,0.00027456870884634554,0.008988800458610058,6.441828048764364e-08,0.9895757436752319,1.6575990358091985e-08,0.0007582074613310397,5.922763945953591e-10,0.0001562395627843216,Flute
4bcc8a77.wav,Flute,3.0,0.0020463939290493727,5.4250959280466304e-09,0.001735415542498231,0.0012966864742338657,2.638631031004479e-06,0.9912241101264954,8.974451702670194e-06,0.00012353414786048234,1.8573970010038465e-05,0.003543697763234377,Flute
6ef82473.wav,Flute,13.9,0.012313904240727425,7.73442443460226e-05,0.038669098168611526,0.04369179531931877,0.018528318032622337,0.8509745597839355,0.014844161458313465,0.014700009487569332,0.00013613711053039879,0.006064875982701778,Flute
c53a217e.wav,Hi_hat,3.14,1.493499080510623e-17,2.6698031819924768e-18,1.2693523250989638e-16,1.4336483389332244e-11,8.830366451072214e-13,3.6416715996911986e-12,1.0,6.042983496414023e-13,1.5506308259985446e-12,4.6983965519163326e-14,Hi_hat
aed9d22f.wav,Hi_hat,3.14,9.17670592293085e-11,5.427977511907045e-12,3.0751570452396126e-13,1.9255514871474588e-07,1.204715987341773e-13,7.387436653516488e-07,0.9999110102653503,4.403566400412728e-09,8.809463179204613e-05,2.1793693585903107e-11,Hi_hat
34a90030.wav,Hi_hat,3.14,3.5996969023188025e-15,2.3534611916113722e-18,2.4078303836110536e-16,1.3475865978662682e-09,1.84427329106986e-16,5.298239624806911e-11,1.0,3.263877137852679e-15,2.260841685779581e-15,7.76123332268952e-11,Hi_hat
3d3439f1.wav,Hi_hat,1.68,2.2777699865139667e-13,1.0349255013833935e-16,1.2528472387849329e-18,1.888593881976819e-12,4.2420745895184634e-18,2.0773809647316177e-13,1.0,6.987025966938646e-20,4.1673343378553773e-13,2.0664882819661874e-16,Hi_hat
06c48eab.wav,Hi_hat,4.18,2.4555700292694382e-05,4.035610956520941e-09,1.0261314997705995e-07,1.567114122735802e-05,3.0247823690210396e-10,0.00015330041060224175,0.9983912706375122,1.764919543845167e-09,0.0014091338962316513,5.893560228287242e-06,Hi_hat
e897db78.wav,Hi_hat,4.18,9.872213045962128e-14,4.7606805203603207e-17,2.029518445376671e-18,7.723197081865862e-12,7.612223885609068e-18,1.4128960588305484e-12,1.0,5.811896611853104e-19,6.119444415173675e-14,5.8513662800708036e-15,Hi_hat
0ed06544.wav,Hi_hat,3.14,1.040939170611103e-16,2.654050023534772e-17,4.478847644867091e-16,3.74606491659879e-11,9.851835466130263e-14,4.9461074125289883e-11,1.0,5.917816583989044e-12,3.69667664534834e-12,1.2439119829663059e-12,Hi_hat
d6854eb4.wav,Hi_hat,5.6,0.0009894630638882518,0.0007847196538932621,0.002921359147876501,0.0006264738040044904,1.8793882190948352e-05,0.0007470454438589513,0.9466913938522339,0.04668991640210152,0.0004260184650775045,0.00010474249575054273,Hi_hat
a1b369d7.wav,Hi_hat,4.18,9.028855679597825e-13,1.7248261606859366e-16,8.386852059485377e-18,4.187416280387879e-08,5.39058871046147e-19,4.395513286681307e-09,1.0,5.714761346434227e-13,5.323991025818486e-09,2.6005551336492905e-13,Hi_hat
da4b0379.wav,Hi_hat,1.68,2.1644084094440963e-12,6.828428689389294e-19,2.093818722226873e-22,1.2502857256457833e-11,1.4257180347917709e-19,5.462519325760695e-12,1.0,7.41776940610216e-22,7.018078067473621e-13,1.651673616034197e-16,Hi_hat
612702c3.wav,Hi_hat,3.14,7.072949870234879e-08,3.943337070524019e-18,7.64434034735556e-13,1.0951855529128807e-06,1.2227662806235857e-15,0.0004002234200015664,0.9995986819267273,3.748333934905368e-11,4.171800925545366e-12,1.762434997942819e-08,Hi_hat
3a3d0279.wav,Hi_hat,1.68,1.0587829224473211e-11,1.0551724475589682e-15,2.4892994993351233e-19,6.461236407018234e-11,1.0186809976418321e-16,6.208762236975529e-12,1.0,1.0574995415413739e-17,1.098399482479806e-09,1.4896859764101006e-16,Hi_hat
a7964699.wav,Hi_hat,4.18,1.793372450542563e-09,1.5499215799685828e-10,6.955581666190369e-10,4.927335794491228e-06,5.830458945504935e-12,9.546468390908558e-06,0.9986485838890076,1.3872501085643307e-06,0.0013324315659701824,3.11383223561279e-06,Hi_hat
52300f9b.wav,Hi_hat,3.14,3.4087888219590246e-13,5.007436582775377e-19,3.666183588843226e-18,2.3936175264083204e-09,5.3429169657895174e-15,1.1352383477714056e-09,1.0,1.5945320057888135e-15,6.845626089645521e-14,3.3361817752819434e-09,Hi_hat
468f9c4c.wav,Hi_hat,6.56,0.0005175682017579675,1.0128160116140705e-10,0.00017386549734510481,2.1033429220551625e-05,0.0001353951229248196,6.380408012773842e-05,0.9989100694656372,2.145784947060747e-06,3.1755030249769334e-07,0.0001758792350301519,Hi_hat
2503aaa1.wav,Hi_hat,3.14,2.3681386712715025e-12,2.3454162314970285e-15,3.541994985072766e-14,1.1048246761902192e-08,6.200470367180577e-13,1.143845480555683e-07,0.9999998807907104,2.4518087213265538e-11,1.5168804878840092e-08,4.809991960286197e-09,Hi_hat
3aafb6ad.wav,Hi_hat,4.18,2.7351218179205716e-08,1.2380997616023848e-10,1.2354368639222457e-09,5.670943210134283e-05,1.286676459821834e-10,8.086662273854017e-05,0.9809035062789917,1.4366389677888947e-07,0.018942303955554962,1.6418958693975583e-05,Hi_hat
2032be87.wav,Hi_hat,3.14,5.395458591561269e-17,5.414329311029625e-18,1.3801308144215682e-15,1.0368437879104686e-11,1.926109662389597e-12,2.393785907342516e-12,1.0,6.808169913247175e-12,5.57945237320695e-13,9.856723076628882e-12,Hi_hat
8cd809d3.wav,Hi_hat,4.18,1.441988306538633e-08,6.397593566020987e-10,2.584591584309237e-06,0.00025972031289711595,2.2180811853900195e-08,2.0875315385637805e-05,0.9991276264190674,0.00024635883164592087,0.0002735486486926675,6.946571375010535e-05,Hi_hat
078f7ac0.wav,Hi_hat,3.14,1.7458199463990173e-14,8.021564799642775e-17,3.9469187466945055e-14,2.4825572153552855e-10,9.531439494007282e-14,4.116581564517219e-08,0.9999998807907104,1.6856516182883752e-10,1.0241836545521465e-10,5.6052076757850955e-08,Hi_hat
a090c45a.wav,Hi_hat,1.68,2.203817640530903e-12,2.108632803303519e-16,1.4733057677436892e-20,2.090103611018801e-11,7.605627120223958e-18,4.35417223110246e-11,1.0,4.5342018368193584e-20,3.1672972578000724e-10,3.461860382247523e-17,Hi_hat
73677128.wav,Hi_hat,3.14,1.8202934491890396e-18,1.9346075932583203e-20,1.4909215857219078e-17,9.2158078043858e-12,6.625190593210388e-15,1.4178993265959172e-12,1.0,1.471885086685651e-14,1.3749222605981357e-14,2.433824829498575e-14,Hi_hat
99c96a07.wav,Hi_hat,1.72,6.8555503496270376e-09,5.229714994392509e-10,3.205024407763185e-13,2.2742612770798587e-07,1.0949124940040633e-10,3.716300822631524e-09,0.9999899864196777,1.7400616537932567e-12,9.720142770675011e-06,8.824668968655802e-13,Hi_hat
da3f8050.wav,Hi_hat,3.14,2.6707873109280134e-13,5.917389110177487e-14,1.3154627387379492e-10,6.723003025399521e-07,2.119190378735425e-09,1.2350852784948074e-06,0.9999979138374329,1.9049517163693963e-07,6.0643743360344615e-09,1.5557100052632222e-09,Hi_hat
5ec7ad26.wav,Hi_hat,4.18,2.8972535481841533e-10,2.4582636782026403e-15,6.983286053639879e-15,4.351887739062477e-09,9.542112024439392e-16,2.257916520420622e-08,1.0,1.6028987219560836e-14,2.2074506667024707e-09,1.3070280101279419e-11,Hi_hat
41897c32.wav,Hi_hat,4.18,1.468191568321231e-09,4.022663482156595e-14,2.470074790322449e-14,0.00021098034630995244,6.934124049623003e-17,2.7385206067265244e-06,0.9997736811637878,2.7532256474671613e-09,1.2637253348657396e-05,2.260756470917613e-09,Hi_hat
09a1cfd7.wav,Hi_hat,1.68,1.0927342364297488e-11,1.180545732785282e-14,4.75337631702813e-16,7.439369564821163e-09,2.8452726082866565e-15,2.4748578741906613e-09,0.9999999403953552,3.417262046166665e-16,7.897796905353971e-08,1.7162103960188801e-09,Hi_hat
b31ed1fb.wav,Hi_hat,4.18,3.4572495977158724e-09,3.34973548898887e-10,4.612898010236677e-07,4.791965011463617e-07,4.2200181127327596e-08,1.7382997612003237e-05,0.983046293258667,7.906677410574048e-07,0.01692802645266056,6.645339453825727e-06,Hi_hat
f0dfe343.wav,Hi_hat,3.14,6.282192127615716e-11,3.122352501333178e-14,2.0591886595866526e-07,1.8059487047139555e-05,1.4686539095976059e-08,1.708018135104794e-05,0.9998935461044312,7.088314305292442e-05,1.7489337977849573e-08,1.7987630940297095e-07,Hi_hat
493c247b.wav,Hi_hat,3.14,2.958110102355138e-13,3.4362273785534846e-15,3.6042552101244515e-15,1.487582412806887e-08,2.923651121547466e-12,1.2865314369392422e-09,1.0,1.0414119219759321e-11,5.733911567773475e-09,9.901811592882837e-10,Hi_hat
c40632d7.wav,Saxophone,11.3,0.017406931146979332,5.659161979565397e-05,0.0428767167031765,0.03205620497465134,0.0016217187512665987,0.039997804909944534,0.004166928119957447,0.8407469987869263,0.01136998925358057,0.009699833579361439,Saxophone
78a86075.wav,Saxophone,5.9,0.02696440927684307,7.567193824797869e-05,0.021786626428365707,0.006091465707868338,6.115969154052436e-05,0.005080351140350103,0.0004539871879387647,0.9296284914016724,0.005018062423914671,0.004839770961552858,Saxophone
37cebbd4.wav,Saxophone,6.16,4.064628228661604e-05,8.654849753542138e-11,0.00018283817917108536,4.063623782712966e-05,4.8788401727506425e-06,0.0011526788584887981,2.926772424416413e-07,0.9848064184188843,2.562549950013704e-09,0.013771693222224712,Saxophone
ab465bf9.wav,Saxophone,15.4,3.201281060682959e-06,2.0824486273297686e-14,5.134309617460531e-07,4.472850923775695e-05,2.0013349200098673e-08,0.03440487012267113,2.965008683020187e-09,0.9654076099395752,1.769810076268641e-08,0.00013924187805969268,Saxophone
b120dc90.wav,Saxophone,3.74,0.0001342619361821562,0.0002837953215930611,0.0039612543769180775,0.00044972289470024407,0.006159459240734577,0.002307628048583865,0.00010482827201485634,0.9786363840103149,0.0012720439117401838,0.0066905878484249115,Saxophone
3a80061f.wav,Saxophone,8.12,0.005466113332659006,9.73950736806728e-05,0.0024490877985954285,0.003669922472909093,8.175686616596067e-07,0.0241667702794075,0.0002601890591904521,0.9192324876785278,0.013114052824676037,0.0315430611371994,Saxophone
7352e28f.wav,Saxophone,6.24,9.908561651172931e-07,6.48066195434345e-14,1.737862294248771e-05,0.004252648912370205,3.082916322227902e-08,0.059893861413002014,6.375372407774194e-08,0.9346444606781006,1.6726939278122188e-11,0.001190540730021894,Saxophone
c1c3c8b9.wav,Saxophone,13.58,0.001330080907791853,1.5107659237401094e-05,0.0002117854601237923,6.234642933122814e-05,0.000674859678838402,0.019532928243279457,7.686487890623539e-09,0.9358542561531067,4.952844800953926e-09,0.0423186756670475,Saxophone
4345851e.wav,Saxophone,11.24,0.03993112966418266,0.00011993517546216026,0.007286416832357645,0.0053094858303666115,9.382766438648105e-05,0.023896923288702965,4.456489477888681e-05,0.8980007171630859,0.012525628320872784,0.012791382148861885,Saxophone
96dad435.wav,Saxophone,10.02,0.010930275544524193,5.2047738563487655e-08,9.115899592870846e-05,0.0022993022575974464,5.0755450502038e-05,0.0075722564943134785,6.774118332941725e-08,0.9695352911949158,0.0001107770876842551,0.009409981779754162,Saxophone
5d4f8187.wav,Saxophone,5.38,0.00038633024087175727,0.00040581522625871,0.0036623324267566204,0.0037616544868797064,7.345789344981313e-05,0.0013586542336270213,0.00018648726108949631,0.9848954677581787,0.00511820986866951,0.00015168296522460878,Saxophone
5f0dc8e4.wav,Saxophone,5.0,0.00018625546363182366,2.49736724355909e-11,0.00018073436513077468,0.16092517971992493,1.6834198390824895e-07,0.032929666340351105,1.5853739432358793e-09,0.8052013516426086,1.3788948649562371e-08,0.0005765421083196998,Saxophone
c1948f24.wav,Saxophone,8.28,6.297261165855161e-07,1.5866964686583884e-10,0.00012966219219379127,0.0066585964523255825,5.338664777809754e-06,0.012349100783467293,8.953552423918154e-06,0.9808061122894287,2.0357789765057532e-07,4.14247224398423e-05,Saxophone
ec6afeb6.wav,Saxophone,11.88,0.0008016993524506688,5.760726639637836e-14,9.547901572659612e-05,5.481482730829157e-06,5.438708103611134e-05,0.010527617298066616,1.8696701131748483e-10,0.9882491230964661,3.623993466428388e-11,0.00026633989182300866,Saxophone
f0d315bc.wav,Saxophone,4.42,0.001858183415606618,0.00011303240898996592,0.0369841493666172,0.0023982180282473564,2.679195176824578e-07,0.025531964376568794,0.00012801267439499497,0.9121286273002625,0.007597604300826788,0.013260003179311752,Saxophone
f8d96888.wav,Saxophone,7.6,0.03282618522644043,0.00032430500141344965,0.0334988534450531,0.004820754285901785,0.00021092398674227297,0.023140082135796547,1.3689445950149093e-05,0.8769583106040955,0.020102469250559807,0.008104409091174603,Saxophone
ac097834.wav,Saxophone,2.82,0.0007637344533577561,5.3443982324097306e-06,0.01329722348600626,0.06974241882562637,4.335709672886878e-05,0.008671005256474018,5.13685392888874e-07,0.9067979454994202,4.491058280109428e-05,0.0006334743811748922,Saxophone
b83049f4.wav,Saxophone,6.66,0.0024220594204962254,0.0010104139801114798,0.0030533664394170046,0.0024865115992724895,0.0028584920801222324,0.007571573369204998,2.8774451493518427e-05,0.9720013737678528,0.00021280818327795714,0.008354580961167812,Saxophone
2f9c5f62.wav,Saxophone,5.0,0.000925813743378967,1.0534396466255203e-08,6.271095116971992e-06,0.06359697133302689,3.84612803827622e-06,0.0010263839503750205,3.2107120517821386e-08,0.8996787071228027,0.02614237368106842,0.008619405329227448,Saxophone
5388d14d.wav,Saxophone,4.14,0.00031709225731901824,0.012546928599476814,0.0333440788090229,0.0015217558247968554,0.00016434636199846864,0.028711754828691483,0.0008559335838072002,0.9036845564842224,0.010291985236108303,0.008561636321246624,Saxophone
8fa096bf.wav,Saxophone,3.7,0.012447888031601906,4.077131598023698e-05,0.0067530106753110886,0.00229187635704875,1.8213157090940513e-05,0.002431847620755434,0.024376092478632927,0.9418565034866333,0.000698901480063796,0.009084870107471943,Saxophone
9cd05a2b.wav,Saxophone,15.22,0.0005935279768891633,1.4382732338447113e-08,0.006805947050452232,0.015308944508433342,5.058329293206043e-07,0.011862121522426605,4.1847933118788205e-08,0.9610095620155334,2.2707679647737677e-07,0.004419049248099327,Saxophone
b8c0a88a.wav,Saxophone,5.08,0.00018115811690222472,2.270409193982914e-09,0.0064780437387526035,0.0006129401153884828,2.916420216436677e-09,0.028019335120916367,1.2115526637490603e-10,0.9645935297012329,8.745489594730316e-07,0.00011412987805670127,Saxophone
d6665734.wav,Saxophone,10.5,0.015588472597301006,6.3638681240263395e-06,0.02862546034157276,0.0010058097541332245,0.00015688226267229766,0.01967821829020977,5.15764895681059e-06,0.9143521189689636,0.004330731928348541,0.01625083014369011,Saxophone
36d20ab5.wav,Saxophone,4.9,0.0002277257590321824,5.226042048889212e-05,0.010488309897482395,0.0031699519604444504,0.00010243203723803163,0.011569440364837646,0.00026689883088693023,0.972055971622467,0.0018588154343888164,0.00020809007401112467,Saxophone
9c0838c1.wav,Saxophone,9.78,0.012251204811036587,0.002274320460855961,0.023381061851978302,0.0009808809263631701,0.002266187686473131,0.048521894961595535,7.646419544471428e-05,0.8958973288536072,0.0028264843858778477,0.01152390893548727,Saxophone
25f26095.wav,Saxophone,2.04,0.005693764891475439,0.0010129634756594896,0.018194904550909996,0.0019467143574729562,4.958059435011819e-05,0.008403630927205086,0.0005866413121111691,0.9325224757194519,0.008495016023516655,0.023094233125448227,Saxophone
c685f05f.wav,Saxophone,1.54,0.0031336736865341663,0.0004123269172850996,0.03212418779730797,0.002744351513683796,1.879641217783501e-06,0.030916370451450348,0.001848345622420311,0.8318011164665222,0.05896875634789467,0.03804902732372284,Saxophone
d94c94f0.wav,Saxophone,3.74,0.014579948969185352,7.344920618379547e-07,0.032906487584114075,0.024693891406059265,5.2987677918281406e-05,0.001504711457528174,0.000289991672616452,0.9096214771270752,0.002241473877802491,0.014108256436884403,Saxophone
dba6817d.wav,Saxophone,4.34,0.016227426007390022,8.338880697067452e-09,0.005005245562642813,0.00032095174537971616,0.0009153520804829895,0.012333055958151817,6.252128628148057e-07,0.9505597352981567,5.809282447444275e-05,0.014579499140381813,Saxophone
229be2be.wav,Snare_drum,5.98,9.142249624005672e-09,1.6869597629920463e-07,5.489532028946087e-08,4.664326525016804e-08,1.0780832226942039e-08,6.011878639355928e-08,6.214746463228948e-06,4.701086048219949e-11,0.9999935626983643,1.1984802039677334e-09,Snare_drum
e4958adc.wav,Snare_drum,8.8,4.329275725467596e-06,3.0139819529040324e-08,1.1953097782679833e-05,9.419523848919198e-05,4.2569649194579284e-11,2.982389801786667e-08,1.5016105026077753e-09,2.6429253807691566e-07,0.9998856782913208,3.636010433183401e-06,Snare_drum
b68f10af.wav,Snare_drum,12.18,0.00042594067053869367,0.000972372479736805,0.0008556783432140946,4.977142089046538e-05,3.504992207581381e-07,0.0018135292921215296,3.628991908044554e-05,0.003048200160264969,0.9922177195549011,0.0005802434170618653,Snare_drum
f0727eac.wav,Snare_drum,1.26,2.3888189603499255e-12,2.0269190839639073e-11,2.1654374474100457e-11,1.1453328736810153e-11,1.4462537341764642e-13,1.2054587550380802e-08,4.170506429090892e-08,7.649004207799237e-10,0.9999999403953552,3.733186204613048e-08,Snare_drum
e8e00924.wav,Snare_drum,1.68,0.00016337014676537365,7.008468401181744e-06,5.15615101903677e-06,2.0848958683927776e-06,5.218605565460166e-07,7.818901212885976e-05,7.963708981151285e-08,5.666339711751789e-05,0.9996677041053772,1.917703411891125e-05,Snare_drum
6fca680b.wav,Snare_drum,4.48,0.0016837689327076077,1.3001087609154638e-05,5.667873119818978e-05,3.058693982893601e-05,3.0819076073385077e-06,2.466674004608649e-06,2.988909670875728e-07,5.922311174799688e-05,0.9980804920196533,7.043103687465191e-05,Snare_drum
9f84ea5a.wav,Snare_drum,1.88,0.0019731884822249413,9.372449198963295e-07,0.01278180442750454,0.017946183681488037,0.007401010952889919,1.246742976945825e-05,4.610915815828065e-12,1.04090952390834e-06,0.9592570066452026,0.0006263387622311711,Snare_drum
1c9a423f.wav,Snare_drum,1.46,7.07652952769422e-06,3.466800821026392e-14,9.123201083482968e-10,3.733933044713922e-05,9.586895926910147e-15,0.000615636701695621,7.495056658646249e-11,5.1598645356421e-09,0.9993396997451782,2.3800677695362538e-07,Snare_drum
c8ecbbfd.wav,Snare_drum,1.74,5.587898144199244e-08,7.456826978113895e-08,6.038048354639614e-07,4.127143427012925e-07,5.662973308062647e-07,1.3463079085340723e-05,3.460291964074713e-07,1.1747537200790248e-06,0.9999823570251465,9.235976108357136e-07,Snare_drum
0c67f402.wav,Snare_drum,10.0,3.339783233968774e-06,5.422828297518834e-10,8.274162688337583e-09,1.3028259218117455e-06,6.953187157987539e-12,5.312021585268667e-06,1.9254669325619034e-07,8.322713824782113e-07,0.9999696612358093,1.9495812011882663e-05,Snare_drum
82d4fb44.wav,Snare_drum,3.6,5.281920311972499e-05,1.7423522347126408e-10,9.161972513993533e-08,8.934393918025307e-07,1.498782764564055e-10,0.00017487922741565853,2.795659383991733e-06,1.435509057046147e-05,0.9997122883796692,4.199134491500445e-05,Snare_drum
cae0d841.wav,Snare_drum,1.68,4.7796103899599984e-05,1.6466991104024942e-09,5.740488973060565e-09,1.0942761036858428e-05,7.5503443774938e-11,5.136674735695124e-05,5.195002472646593e-07,2.8579490773950056e-08,0.999870240688324,1.9160190277034417e-05,Snare_drum
46b52f97.wav,Snare_drum,1.46,4.985218311048811e-06,1.629840369332669e-07,1.1869785510043585e-07,3.947506684198743e-06,2.225771567054835e-09,8.185247679648455e-06,2.384984554737457e-06,5.410926178228692e-07,0.9999793171882629,3.69392211041486e-07,Snare_drum
b218444c.wav,Snare_drum,3.18,0.0005281410412862897,1.3037472399446415e-06,7.599783566547558e-05,0.00018927901692222804,2.576384304120438e-06,0.00010634878708515316,6.501271965220212e-09,0.00031741528073325753,0.9849144816398621,0.01386443804949522,Snare_drum
36d06cc0.wav,Snare_drum,1.02,5.420398520072922e-05,3.525030822792985e-10,1.1845703085100467e-08,3.631959657468542e-07,4.1694312932771815e-12,1.672702865107567e-07,7.422876757701147e-10,1.4774481314816512e-05,0.9999296069145203,9.043815225595608e-07,Snare_drum
5c33d972.wav,Snare_drum,1.08,0.003323028329759836,0.007518330123275518,0.02366974949836731,0.007731180638074875,0.0028685922734439373,0.0029852953739464283,0.0004881532513536513,0.0015822353307157755,0.9330204129219055,0.01681298017501831,Snare_drum
31db8c5e.wav,Snare_drum,1.26,9.338837116956711e-05,0.00021407038730103523,0.002035148674622178,4.471656575333327e-05,4.9417435548093636e-06,9.944688827090431e-06,9.64347748322325e-08,9.962194599211216e-05,0.9970876574516296,0.00041041604708880186,Snare_drum
9d308738.wav,Snare_drum,4.22,1.605062061571516e-05,5.074634934487676e-09,0.00013844355999026448,3.876578489325766e-07,2.334715476504101e-10,0.0003452126693446189,6.401366590580437e-06,2.3219347440317506e-06,0.9994814395904541,9.761339242686518e-06,Snare_drum
ae7d1c37.wav,Snare_drum,8.72,0.012615181505680084,1.6018030919440207e-06,0.00011578665726119652,1.0794710760819726e-05,2.2480611150399454e-08,2.6603056539897807e-05,1.2935674753578041e-08,0.0004702617588918656,0.9864555597305298,0.0003042254538740963,Snare_drum
4c590f69.wav,Snare_drum,1.08,8.606726623838767e-06,3.698682576214196e-06,1.3123086318955757e-05,1.4501519217446912e-05,1.1398587957955897e-05,0.00018276358605362475,2.4836849661369342e-06,3.659720459836535e-05,0.99970543384552,2.135510658263229e-05,Snare_drum
b86b5a96.wav,Snare_drum,1.34,3.760650812978383e-08,2.251819978482672e-06,2.6127526098207454e-07,1.9031313414075157e-08,7.157605619312335e-09,4.686122849761887e-07,7.568867204099661e-07,1.312298536504386e-07,0.9999947547912598,1.2615663536053034e-06,Snare_drum
5ce40b1b.wav,Snare_drum,5.98,7.050805834296625e-06,0.00010244664008496329,7.180267857620493e-05,1.1529593393788673e-05,6.663777867288445e-07,1.2559008609969169e-05,7.817212122063211e-07,2.913194975917577e-06,0.9997134804725647,7.663839642191306e-05,Snare_drum
ff3f21e7.wav,Snare_drum,6.22,3.644769822130911e-05,5.255115093083518e-11,5.757611609702451e-10,2.3967257334334136e-07,2.9819297530341016e-13,3.7513203210437496e-07,4.218204097128364e-08,4.024570898764068e-06,0.9986955523490906,0.0012634784216061234,Snare_drum
1bc8eae1.wav,Snare_drum,6.26,5.008619700674899e-05,7.247684834510437e-07,4.43117787654046e-05,2.568773425082327e-07,5.865818479833251e-07,0.00011294989235466346,0.0034254633355885744,7.123070827219635e-05,0.9962336421012878,6.094106356613338e-05,Snare_drum
9320c55f.wav,Snare_drum,1.26,0.0015075074043124914,3.375947562744841e-05,0.030230451375246048,0.0020733210258185863,3.778871177928522e-05,0.0029957913793623447,0.0006490683299489319,0.0058043161407113075,0.9434870481491089,0.013180926442146301,Snare_drum
b6cbc6a9.wav,Snare_drum,1.68,2.6180812726095404e-11,5.741867536990242e-10,3.945871060451189e-11,4.12367529012414e-10,3.1428234580771486e-13,2.397679166321609e-09,7.002695667779335e-08,8.156220143717974e-11,0.9999998807907104,6.854840306491639e-11,Snare_drum
f1754aea.wav,Snare_drum,10.92,1.6200175423364271e-06,3.871592525683809e-06,4.954776500198932e-08,8.518899790033174e-07,2.801463061530285e-08,1.6999076251522638e-05,1.7082697922887746e-06,4.015618060293491e-07,0.9999745488166809,5.469873443075812e-09,Snare_drum
22e1c02c.wav,Snare_drum,2.0,1.8640397684066556e-05,0.00034910583053715527,0.0012148391688242555,4.987165448255837e-05,1.6514510434717522e-06,0.0013838717713952065,7.636121154064313e-06,0.0003513128904160112,0.9963791966438293,0.0002439045492792502,Snare_drum
1e3391d5.wav,Snare_drum,5.2,0.0017756137531250715,8.765558057177714e-09,3.4270287869730964e-05,0.0066251931712031364,1.4447389951044443e-08,5.4571981308981776e-05,7.122756162658561e-09,0.00152428331784904,0.9892522692680359,0.0007337146089412272,Snare_drum
4c4d4797.wav,Snare_drum,2.0,2.19322264456423e-05,2.9085853725518973e-08,3.297341066854642e-08,0.00011129699851153418,1.1742509968826198e-06,0.0001060947251971811,7.136679869290674e-07,1.5444677046616562e-05,0.9933416843414307,0.006401583086699247,Snare_drum
1148986e.wav,Violin_or_fiddle,1.94,0.003540745936334133,4.539238489087438e-06,0.002992329653352499,5.523853178601712e-05,0.00025591932353563607,0.0022394207771867514,1.3187291258986988e-09,0.00011856550554512069,0.0006871761870570481,0.9901061654090881,Violin_or_fiddle
642aba58.wav,Violin_or_fiddle,1.3,0.0005291143897920847,1.1017648660072155e-07,0.00010440943151479587,9.717439388623461e-05,6.626291724387556e-05,0.0013860954204574227,6.42269515349625e-10,4.730445652967319e-05,1.7547365132486448e-05,0.9977518916130066,Violin_or_fiddle
b73c3595.wav,Violin_or_fiddle,2.72,5.07183983700088e-07,5.920605188399093e-16,1.125578819483053e-06,0.0001317486457992345,1.1208228789527652e-11,1.6692474673618563e-06,1.8545725311014394e-07,4.565896993824481e-09,1.0834545349780456e-07,0.9998647570610046,Violin_or_fiddle
cdc5fe8e.wav,Violin_or_fiddle,1.5,0.04146246239542961,1.8898142570833443e-06,0.011192883364856243,0.0005432514008134604,0.011786815710365772,0.01038803905248642,9.924061487254221e-06,0.0005540453130379319,0.0002511153870727867,0.9238094687461853,Violin_or_fiddle
fec00143.wav,Violin_or_fiddle,6.28,1.0839119568117894e-05,1.3333236381640745e-07,0.0029139681719243526,0.00028133197338320315,2.517630903753343e-08,0.014117716811597347,0.00021512535749934614,0.0037361823488026857,2.9095679110469064e-06,0.9787219166755676,Violin_or_fiddle
d6144e01.wav,Violin_or_fiddle,2.96,6.922856038427128e-11,3.072932829893747e-16,3.330217879238262e-09,1.4752695278730243e-06,2.056156862289849e-16,2.868639548125884e-09,1.4383056623046286e-05,4.076668169705755e-11,9.272315537600662e-08,0.999984085559845,Violin_or_fiddle
21346775.wav,Violin_or_fiddle,1.52,0.0032013985328376293,0.0001060396753018722,0.11065445095300674,0.0022761451546102762,0.001957237720489502,0.008792543783783913,5.46243200005847e-06,0.0011697837617248297,0.00014863419346511364,0.8716882467269897,Violin_or_fiddle
b38409bb.wav,Violin_or_fiddle,1.04,4.353511030785739e-06,6.941208133444399e-13,7.064249075483531e-05,0.00021849731274414808,1.441268215884861e-09,0.00030268103000707924,3.1507586299994728e-06,2.777547706500627e-06,0.00032776419539004564,0.9990701675415039,Violin_or_fiddle
d84c8c43.wav,Violin_or_fiddle,3.9,0.00041960293310694396,0.0011253237025812268,0.034492187201976776,0.0009206844842992723,0.0006575413863174617,0.0021043848246335983,0.003886473597958684,0.005059459712356329,0.0008766069659031928,0.9504578709602356,Violin_or_fiddle
ba648ac1.wav,Violin_or_fiddle,1.62,0.0004886295064352453,2.381008926022332e-05,0.008649243973195553,0.0001508915884187445,6.248038971534697e-06,0.00017488411685917526,0.0002064694563159719,0.0001858306786743924,0.00020021916134282947,0.989913821220398,Violin_or_fiddle
68589f79.wav,Violin_or_fiddle,3.0,0.00025282474234700203,0.031023133546113968,0.02892705239355564,0.00042086339090019464,0.0006910088122822344,0.0007827054359950125,5.206582500250079e-05,0.0004949277499690652,0.00012336800864432007,0.9372320771217346,Violin_or_fiddle
e3f479f3.wav,Violin_or_fiddle,15.24,0.0044153728522360325,3.352555921765088e-08,0.00167080108076334,0.004049318376928568,3.027668640243064e-07,0.01659534126520157,0.0004357245925348252,0.015488673001527786,0.006404586136341095,0.9509398937225342,Violin_or_fiddle
0e7cd4eb.wav,Violin_or_fiddle,6.08,0.012303127907216549,0.0007759114960208535,0.04748013988137245,0.005761497188359499,0.016898343339562416,0.001241294085048139,2.671295078471303e-05,0.0007851716945879161,0.04004162922501564,0.8746862411499023,Violin_or_fiddle
2cc8683d.wav,Violin_or_fiddle,6.34,0.008335796184837818,0.00028404343174770474,0.03373928368091583,0.000476379762403667,7.116862252587453e-05,0.006395899225026369,0.00011916430958081037,0.0034434155095368624,0.00034997574402950704,0.9467849135398865,Violin_or_fiddle
2424ad60.wav,Violin_or_fiddle,4.5,0.0005120983114466071,0.00850306823849678,0.006997107062488794,0.0007699761772528291,0.0014726687222719193,0.002203890820965171,0.0003271369496360421,0.0022706519812345505,0.008965054526925087,0.9679782390594482,Violin_or_fiddle
cfb9c5fd.wav,Violin_or_fiddle,3.22,0.0020890729501843452,0.0065386174246668816,0.059467025101184845,0.01911640726029873,0.0009876529220491648,0.010327381081879139,0.0004674482042901218,0.00364897632971406,0.022909721359610558,0.8744476437568665,Violin_or_fiddle
c9fb642d.wav,Violin_or_fiddle,1.76,0.0068220882676541805,4.659499245462939e-05,0.012785036116838455,0.00029133830685168505,3.1200790544971824e-05,0.0016172108007594943,3.097590479228529e-06,0.006014823913574219,0.0004577299114316702,0.9719309210777283,Violin_or_fiddle
cdeece57.wav,Violin_or_fiddle,3.52,0.0046340529806911945,2.963573706438183e-06,0.0016975245671346784,0.003127310425043106,0.0020732078701257706,0.03595824912190437,4.876636012340896e-05,0.002655363641679287,0.00029412066214717925,0.9495083689689636,Violin_or_fiddle
6eb59008.wav,Violin_or_fiddle,1.46,0.0009395885863341391,3.854548324966345e-08,5.467022492666729e-05,0.011089890263974667,0.0001548597210785374,0.046251870691776276,0.0412307009100914,0.001108859316445887,9.862416482064873e-05,0.8990708589553833,Violin_or_fiddle
56e79c6f.wav,Violin_or_fiddle,16.68,0.002621142193675041,1.5147486129990506e-12,0.004062768537551165,0.012500395067036152,1.7536836427467506e-09,0.029866933822631836,0.0002832134487107396,0.01320275291800499,8.572988008381799e-08,0.9374626278877258,Violin_or_fiddle
aab28420.wav,Violin_or_fiddle,2.68,7.850786641938612e-05,0.0020210391376167536,0.02369847521185875,0.0003432943776715547,0.00029812203138135374,0.0028812363743782043,2.4387662051594816e-05,0.001682324567809701,8.480166434310377e-05,0.968887984752655,Violin_or_fiddle
8d7d7dba.wav,Violin_or_fiddle,6.34,0.012343631125986576,0.00032827918766997755,0.04079761728644371,0.0069932411424815655,0.0003316048241686076,0.011750424280762672,0.00120491161942482,0.022374100983142853,0.004847269039601088,0.899029016494751,Violin_or_fiddle
1b24c166.wav,Violin_or_fiddle,3.5,0.003897244343534112,0.004177584778517485,0.11449223756790161,0.005559219047427177,0.0006836000247858465,0.024716371670365334,0.002217239700257778,0.019541796296834946,0.0008974620723165572,0.8238173127174377,Violin_or_fiddle
c6865306.wav,Violin_or_fiddle,19.28,0.041209626942873,2.11865176424908e-06,0.0402383878827095,0.002179431263357401,0.00029028314747847617,0.011711525730788708,8.322308713104576e-05,0.0029204341117292643,0.03128180280327797,0.8700834512710571,Violin_or_fiddle
d914225a.wav,Violin_or_fiddle,4.02,0.02847968600690365,1.0591678801574744e-05,0.02593446895480156,0.0012020454742014408,0.03132067248225212,0.0014226591447368264,7.028127583907917e-06,0.01634068787097931,2.5061013730010018e-05,0.8952571749687195,Violin_or_fiddle
c8c117dc.wav,Violin_or_fiddle,1.34,0.00829777680337429,0.0016184193082153797,0.03900739178061485,0.0001423057692591101,0.00019497619359754026,0.0009836629033088684,5.928456084802747e-05,0.001083232695236802,0.008655100129544735,0.9399579167366028,Violin_or_fiddle
2e4a9850.wav,Violin_or_fiddle,1.06,0.005165616516023874,1.8371582196068797e-13,0.00037612009327858686,1.4918697388566216e-06,2.422722022998869e-09,0.00014185979671310633,0.0030892163049429655,0.00013220765686128289,2.737452042822497e-09,0.9910934567451477,Violin_or_fiddle
7eb9dac0.wav,Violin_or_fiddle,7.64,0.0016546467086300254,0.0022677634842693806,0.020603353157639503,0.0033346014097332954,0.0013407605001702905,0.020840246230363846,0.008799356408417225,0.0003340971888974309,0.02487831749022007,0.9159468412399292,Violin_or_fiddle
848faca3.wav,Violin_or_fiddle,1.74,2.997385990965995e-06,8.9806617324939e-06,0.004969416651874781,3.370649938005954e-05,1.1371516848157626e-06,0.0002111070934915915,6.593361831619404e-06,6.205032696016133e-05,2.6837506084120832e-05,0.9946771264076233,Violin_or_fiddle
7b6a119e.wav,Violin_or_fiddle,1.72,0.0007463532965630293,5.22112518150375e-13,4.551885012915591e-06,0.005553150549530983,5.020168170055683e-10,0.030777418985962868,1.511315417701553e-06,4.803142928722082e-06,0.0035359947942197323,0.9593762159347534,Violin_or_fiddle
